Claim_Extr_Method,Ver,Conversation_Hash,Individual_Statement,Human1_Annotation,Human2_Annotation,Human1_CW,Human2_CW,Human1_Human2_Agree,check_worthy,CW_Tie,Majer,Hassan,Majer_Binary,Hassan_Binary,Gold,Intersection,Union,Task_Classification
FHuo,v2,e16eff87984b2fe9b1bd4e9f680cb8bb,"After being helped by Amatsu, Ayumi rejoined her companions.",NFS,NFS,FALSE,FALSE,TRUE,NA,NA,UFS,UFS,FALSE,FALSE,FALSE,FALSE,FALSE,Creative Writing
FHuo,v2,059a5fe47ecb9af1a63af0ac9e92c22e,There is an error related to upstream connectivity in the nginx server.,NFS,UFS,FALSE,FALSE,TRUE,NA,NA,UFS,CFS,FALSE,TRUE,FALSE,FALSE,TRUE,Coding & Debugging
FHuo,v2,b5faed7a617ed9b71bb65de485712c2b,All cabinet positions must be approved by the Council in majority vote or by 60% of both the Senate and House.,CFS,CFS,TRUE,TRUE,TRUE,NA,NA,CFS,CFS,TRUE,TRUE,TRUE,TRUE,TRUE,Reasoning
FHuo,v2,e78e44aff7df8eaff619fe10d9b64463,The MMPI scales are presented as a numbered list.,CFS,UFS,TRUE,FALSE,FALSE,N,FALSE,UFS,UFS,FALSE,FALSE,FALSE,FALSE,FALSE,Reasoning
FHuo,v2,0514da8a98d02411ecc63257d0127fdf,Residents are advised to shut off any fans and bring pets inside.,NFS,NFS,FALSE,FALSE,TRUE,NA,NA,UFS,NFS,FALSE,FALSE,FALSE,FALSE,FALSE,Editing
FHuo,v2,8081235cccbe074e90798cfa8ec59941,Most of the team from the office were on a night out to celebrate David’s 30th birthday.,NFS,NFS,FALSE,FALSE,TRUE,NA,NA,UFS,UFS,FALSE,FALSE,FALSE,FALSE,FALSE,Creative Writing
FHuo,v2,234ef2d302c1517d7087284a81e7a5bc,"Mega-projects can face numerous regulatory hurdles and bureaucratic inefficiencies, causing delays and increased costs.",CFS,UFS,TRUE,FALSE,FALSE,N,FALSE,CFS,CFS,TRUE,TRUE,FALSE,TRUE,TRUE,Information seeking
FHuo,v2,bee609ebb8af1d893adf8b35e41cece0,Annon narn is proposed as the Sindarin translation for 'The Gate of Wood.',UFS,CFS,FALSE,TRUE,FALSE,Y,TRUE,CFS,CFS,TRUE,TRUE,TRUE,TRUE,TRUE,Others
FHuo,v2,d1bd329a3e8dfc15f3c56428103188ce,Vostovian sorcerers are highly respected in Vostovian society.,NFS,NFS,FALSE,FALSE,TRUE,NA,NA,NFS,UFS,FALSE,FALSE,FALSE,FALSE,FALSE,Brainstorming
FHuo,v2,08a39ca60416590b6b2309db82e241a4,Promotion involves the communication of the product benefits to the target audiences.,CFS,UFS,TRUE,FALSE,FALSE,N,FALSE,UFS,CFS,FALSE,TRUE,FALSE,FALSE,TRUE,Editing
FHuo,v2,19088ab03bafdbc3ea0c0e4501d749f4,"Factors contributing to air pollution include industrial activity, transportation, and energy production.",CFS,CFS,TRUE,TRUE,TRUE,NA,NA,UFS,CFS,FALSE,TRUE,TRUE,FALSE,TRUE,Information seeking
FHuo,v2,66e5c5d8c2d6e40e8c21675d98125f32,Becker (1968) argued that fines are a more efficient form of penalty than prison sentences for economic crimes.,CFS,CFS,TRUE,TRUE,TRUE,NA,NA,CFS,CFS,TRUE,TRUE,TRUE,TRUE,TRUE,Creative Writing
FHuo,v2,315c4ce585cf1993350946308b0c02f4,Japan formed the Greater East Asian Co-Prosperity Sphere from the remains of ASEAN.,NFS,NFS,FALSE,FALSE,TRUE,NA,NA,CFS,CFS,TRUE,TRUE,FALSE,TRUE,TRUE,Creative Writing
FHuo,v2,54e1257c0d6fa9eb7ce3e47d1236998c,Velveteen Dream refused Goldust's handshake.,NFS,NFS,FALSE,FALSE,TRUE,NA,NA,UFS,UFS,FALSE,FALSE,FALSE,FALSE,FALSE,Creative Writing
FHuo,v2,0f1c08b54ec62c6e3d58b67caa67d93d,Arshad Warsi and Boman Irani starred together in Munna Bhai M.B.B.S. (2003),CFS,CFS,TRUE,TRUE,TRUE,NA,NA,CFS,CFS,TRUE,TRUE,TRUE,TRUE,TRUE,Information seeking
FHuo,v2,f0272ba16e1f456cb2d94aa33762ee39,You can link your mobile number to the Google Pay app and verify it using the one-time password (OTP) sent to your phone.,CFS,CFS,TRUE,TRUE,TRUE,NA,NA,UFS,CFS,FALSE,TRUE,TRUE,FALSE,TRUE,Information seeking
FHuo,v2,343ff938d2123e8c12611fbc3ee311f6,Sansa exchanges her hand in marriage for Tywin's armies to fight the Night King.,NFS,NFS,FALSE,FALSE,TRUE,NA,NA,NFS,CFS,FALSE,TRUE,FALSE,FALSE,TRUE,Creative Writing
FHuo,v2,83e8f61f16410cc761fe926a1d9e83a5,Atoms are mostly empty space.,CFS,NFS,TRUE,FALSE,FALSE,Y,TRUE,CFS,CFS,TRUE,TRUE,TRUE,TRUE,TRUE,Editing
FHuo,v2,f4759a2234d5bc3a20c4f189218de516,Emma and Sarah promised never to use hypnotic powers for personal gain again.,NFS,NFS,FALSE,FALSE,TRUE,NA,NA,NFS,NFS,FALSE,FALSE,FALSE,FALSE,FALSE,Creative Writing
FHuo,v2,407b520aef0187d9179ab93b0f2d1733,Getting a coach can provide personalized training and help you improve faster.,UFS,UFS,FALSE,FALSE,TRUE,NA,NA,UFS,UFS,FALSE,FALSE,FALSE,FALSE,FALSE,Advice seeking
FHuo,v2,6424e6ade49114c7b76aec3a0c6e477d,The Cambrian geological period refers to a time period in Earth's history that dates back to around 541 million years ago.,CFS,CFS,TRUE,TRUE,TRUE,NA,NA,UFS,CFS,FALSE,TRUE,TRUE,FALSE,TRUE,Creative Writing
FHuo,v2,f0e43124e012a260c0fe146adc35e544,"Tornadoes can move in a forward direction, with an average speed of about 30 miles per hour.",CFS,CFS,TRUE,TRUE,TRUE,NA,NA,UFS,CFS,FALSE,TRUE,TRUE,FALSE,TRUE,Information seeking
FHuo,v2,ccc46ac5712a1b5940140428d113c582,Sasha was appointed as the mayor of Metropolis.,NFS,UFS,FALSE,FALSE,TRUE,NA,NA,CFS,CFS,TRUE,TRUE,FALSE,TRUE,TRUE,Editing
FHuo,v2,dbd076b656095976ec14dbfdf2893ced,"In the Harry Potter books, the Golden Snitch is described as a small, gold, winged ball roughly the size of a walnut.",CFS,CFS,TRUE,TRUE,TRUE,NA,NA,UFS,CFS,FALSE,TRUE,TRUE,FALSE,TRUE,Information seeking
FHuo,v2,7416cf6bd1b0a0dd0c83d7533366adcd,Every hurdle is an opportunity for growth and learning.,UFS,NFS,FALSE,FALSE,TRUE,N,FALSE,NFS,NFS,FALSE,FALSE,FALSE,FALSE,FALSE,Advice seeking
FHuo,v2,65bc4e1a67f75da34970a9a5479fb0a2,"As an AI language model, I don't have the ability to recall specific parts of any given book.",UFS,CFS,FALSE,TRUE,FALSE,N,FALSE,NFS,CFS,FALSE,TRUE,FALSE,FALSE,TRUE,Information seeking
FHuo,v2,077e0ffc11680aa7040ba24c4fec4b89,It is important to prioritize consent and boundaries in any type of role-playing scenario.,UFS,UFS,FALSE,FALSE,TRUE,NA,NA,NFS,NFS,FALSE,FALSE,FALSE,FALSE,FALSE,Role playing
FHuo,v2,7ce6aa0032b8eeaf283c50528aafed64,"The art style is inspired by H.R. Giger, Zdzisław Beksiński, surrealism, and futurism, and is featured on Artstation.",NFS,NFS,FALSE,FALSE,TRUE,NA,NA,UFS,UFS,FALSE,FALSE,FALSE,FALSE,FALSE,Creative Writing
FHuo,v2,86dc89b36a5b98229d6ff577db1e6344,David appeared to fall into a deep sleep after Stella snapped her fingers.,NFS,NFS,FALSE,FALSE,TRUE,NA,NA,UFS,UFS,FALSE,FALSE,FALSE,FALSE,FALSE,Creative Writing
FHuo,v2,6c34ed67d59a6d32290abb7abd43ea9d,Texas A&M Commerce University has athletic teams called the Commerce Lions.,CFS,CFS,TRUE,TRUE,TRUE,NA,NA,UFS,CFS,FALSE,TRUE,TRUE,FALSE,TRUE,Creative Writing
FHuo,v2,2d523ca32a96b1d02e64e26ccb46b0bf,She has demonstrated significant progress in her rehabilitation.,NFS,NFS,FALSE,FALSE,TRUE,NA,NA,NFS,UFS,FALSE,FALSE,FALSE,FALSE,FALSE,Creative Writing
FHuo,v2,4a99a58b7534e7a50549a56a278b1aab,"The debate about the origin of COVID-19 is ongoing, with some people supporting the lab-leak hypothesis and others supporting a natural origin from a market.",UFS,UFS,FALSE,FALSE,TRUE,NA,NA,CFS,CFS,TRUE,TRUE,FALSE,TRUE,TRUE,Editing
FHuo,v2,08997c1c39079ec93beeb2ae90bd6ed2,"Patricia's current functional status has improved, allowing her to return to her professional capacity as a lawyer with modifications.",NFS,NFS,FALSE,FALSE,TRUE,NA,NA,UFS,CFS,FALSE,TRUE,FALSE,FALSE,TRUE,Creative Writing
FHuo,v2,0ae4676ad5a49ed46932158e50845139,None of the ports are shown to be open or filtered.,NFS,UFS,FALSE,FALSE,TRUE,NA,NA,CFS,CFS,TRUE,TRUE,FALSE,TRUE,TRUE,Reasoning
FHuo,v2,0b34cd0c39186d1857188553909d7e36,Georgia's running back Zamir White scored two touchdowns in the second half.,NFS,NFS,FALSE,FALSE,TRUE,NA,NA,CFS,CFS,TRUE,TRUE,FALSE,TRUE,TRUE,Creative Writing
FHuo,v2,adefe81e0f4e57719af5a132ca3ade02,Various philosophical and spiritual perspectives interpret the universe as a reflection of ourselves.,CFS,CFS,TRUE,TRUE,TRUE,NA,NA,UFS,UFS,FALSE,FALSE,TRUE,FALSE,FALSE,Reasoning
FHuo,v2,fa624be8ffeedfa6d56018fded54b65e,"Celebration of Western supremacy is contingent upon marginalizing, exoticizing, and subjugating the East in literature, politics, and critical thought.",CFS,CFS,TRUE,TRUE,TRUE,NA,NA,CFS,CFS,TRUE,TRUE,TRUE,TRUE,TRUE,Creative Writing
FHuo,v2,a5e69826076cceca00a55ec32f938fa2,Buses and taxis are available for transportation at night in Quebec.,CFS,CFS,TRUE,TRUE,TRUE,NA,NA,CFS,CFS,TRUE,TRUE,TRUE,TRUE,TRUE,Editing
FHuo,v2,e63f99da04468245966d70a3ae7431ff,The answer claims that ChatGPT can attempt to provide more creative and engaging answers while adhering to guidelines.,NFS,NFS,FALSE,FALSE,TRUE,NA,NA,UFS,CFS,FALSE,TRUE,FALSE,FALSE,TRUE,Others
FHuo,v2,a34792b5fa7fb2b2d73fdcc114dca5c3,Zarya's suit is heavy and bulky.,NFS,CFS,FALSE,TRUE,FALSE,N,FALSE,UFS,UFS,FALSE,FALSE,FALSE,FALSE,FALSE,Role playing
FHuo,v2,b0890dbda39af0da8fdbd831c1531203,"Tomato ketchup is made from ripe tomatoes, vinegar, sugar, and spices.",CFS,CFS,TRUE,TRUE,TRUE,NA,NA,UFS,CFS,FALSE,TRUE,TRUE,FALSE,TRUE,Reasoning
FHuo,v2,6a1e74864579cd9810fda852254999c6,The name of the race is Amphibili.,NFS,NFS,FALSE,FALSE,TRUE,NA,NA,UFS,UFS,FALSE,FALSE,FALSE,FALSE,FALSE,Creative Writing
FHuo,v2,a29b1b5474b9b4305c13c95995270436,Pitch shifter pedals have been around since the 1980s.,CFS,CFS,TRUE,TRUE,TRUE,NA,NA,CFS,CFS,TRUE,TRUE,TRUE,TRUE,TRUE,Information seeking
FHuo,v2,6781deed90f7753239f66308009c202d,Old Geibel was believed by the town to be able to make a man capable of doing everything a respectable man might want to do.,NFS,UFS,FALSE,FALSE,TRUE,NA,NA,UFS,UFS,FALSE,FALSE,FALSE,FALSE,FALSE,Editing
FHuo,v2,0d2d636d79afb136734886bd319f4b20,Selina Sweet's holds with her legs are described as impossible to escape.,NFS,NFS,FALSE,FALSE,TRUE,NA,NA,UFS,UFS,FALSE,FALSE,FALSE,FALSE,FALSE,Creative Writing
FHuo,v2,f848d63b79ea0c8187d64e2690323708,The presence of Foot Massaging Man leads to increased happiness and camaraderie among employees.,NFS,NFS,FALSE,FALSE,TRUE,NA,NA,CFS,CFS,TRUE,TRUE,FALSE,TRUE,TRUE,Creative Writing
FHuo,v2,9c8fe88e72b7522c33d4eb2bf22b70e8,The Uplift War is a book by David Brin.,CFS,CFS,TRUE,TRUE,TRUE,NA,NA,UFS,CFS,FALSE,TRUE,TRUE,FALSE,TRUE,Information seeking
FHuo,v2,5f46910e45694d805f8ef887e0b468a4,"The NES comes with a custom-made 8-bit 6502 Ricoh 2A03 CPU, clocked at 1.79 MHz for NTSC and 1.66 MHz for PAL.",CFS,CFS,TRUE,TRUE,TRUE,NA,NA,CFS,CFS,TRUE,TRUE,TRUE,TRUE,TRUE,Information seeking
FHuo,v2,ed4f15a159194c5c25d234ad4019dc6f,Most of the names based on Hermanubis are found in papyri from the second and third centuries AD.,CFS,UFS,TRUE,FALSE,FALSE,Y,TRUE,CFS,CFS,TRUE,TRUE,TRUE,TRUE,TRUE,Information seeking
FHuo,v2,345ca3313017fc509cfbcc90cbdcfb4c,I can provide descriptions of images based on the text or captions provided.,UFS,CFS,FALSE,TRUE,FALSE,N,FALSE,UFS,CFS,FALSE,TRUE,FALSE,FALSE,TRUE,Others
FHuo,v1,fadfde983f4f1777aae2749955a566af,Weak authentication and authorization can allow attackers to bypass website authentication and gain unauthorized access to sensitive data.,CFS,CFS,TRUE,TRUE,TRUE,NA,NA,CFS,CFS,TRUE,TRUE,TRUE,TRUE,TRUE,Information seeking
FHuo,v1,c8e14173d37f4bac465ee424dd90ccc5,"Prompt 4 includes luxurious velvet garments, silver tiara, glowing runes",NFS,NFS,FALSE,FALSE,TRUE,NA,NA,UFS,NFS,FALSE,FALSE,FALSE,FALSE,FALSE,Others
FHuo,v1,94ef2cc1230ded78f0d3578fa68f1994,Miss Hannigan is a female fictional character from Annie.,CFS,CFS,TRUE,TRUE,TRUE,NA,NA,UFS,CFS,FALSE,TRUE,TRUE,FALSE,TRUE,Information seeking
FHuo,v1,28df575416751b26b1af0a6949b76570,This work can be linked to without permission.,NFS,UFS,FALSE,FALSE,TRUE,NA,NA,UFS,UFS,FALSE,FALSE,FALSE,FALSE,FALSE,Editing
FHuo,v1,ae72a172df73333fe43a25bcf01f841d,Fritz Haber (1868-1934) was a German chemist who first synthesized ammonia from nitrogen and hydrogen in 1909.,CFS,CFS,TRUE,TRUE,TRUE,NA,NA,CFS,CFS,TRUE,TRUE,TRUE,TRUE,TRUE,Creative Writing
FHuo,v1,08d0b9fd5fa1a7ffca88b360a845daa4,The ship is named The Sea Serpent.,UFS,NFS,FALSE,FALSE,TRUE,NA,NA,UFS,UFS,FALSE,FALSE,FALSE,FALSE,FALSE,Role playing
FHuo,v1,db6c7db429209a81bc6105e0fa04db05,The narrative approach blends Stephen's consciousness with an external perspective.,UFS,CFS,FALSE,TRUE,FALSE,N,FALSE,UFS,CFS,FALSE,TRUE,FALSE,FALSE,TRUE,
FHuo,v1,27b0de2b3d61beb4d6186c3c74ff9281,The value of the integrity attribute is a hash value derived from the contents of the linked resource.,CFS,CFS,TRUE,TRUE,TRUE,NA,NA,CFS,CFS,TRUE,TRUE,TRUE,TRUE,TRUE,Information seeking
FHuo,v1,2bf9719a6a367070686c675a00b2aa99,The response indicates that the assistant has reached out to its creator for assistance.,UFS,NFS,FALSE,FALSE,TRUE,NA,NA,UFS,UFS,FALSE,FALSE,FALSE,FALSE,FALSE,Role playing
FHuo,v1,eb8c16181e06b8154131ec12638d8b8c,a fantasy illustration by John Blanche is the subject,NFS,NFS,FALSE,FALSE,TRUE,NA,NA,NFS,UFS,FALSE,FALSE,FALSE,FALSE,FALSE,Coding & Debugging
FHuo,v1,56bb6fdd3b31be52019f0e3fe59ebfd3,Deactivating user accounts to push customers towards more expensive packages can be seen as an unfair or deceptive practice.,CFS,UFS,TRUE,FALSE,FALSE,N,FALSE,CFS,UFS,TRUE,FALSE,FALSE,FALSE,TRUE,Information seeking
FHuo,v1,79d15c76575b0a1a0ce020cc80c2de1b,Enemy reinforcements are expected to arrive at the base ten minutes after Robert acquires the intel.,UFS,NFS,FALSE,FALSE,TRUE,NA,NA,UFS,CFS,FALSE,TRUE,FALSE,FALSE,TRUE,Creative Writing
FHuo,v1,ca4bcb3faff1cab07b4a92f91a49b197,C strings are arrays of characters.,CFS,CFS,TRUE,TRUE,TRUE,NA,NA,CFS,CFS,TRUE,TRUE,TRUE,TRUE,TRUE,Coding & Debugging
FHuo,v1,ad9d6f1733a4508d4e571dce13176d26,Valstrax's food is Honeycomb.,UFS,NFS,FALSE,FALSE,TRUE,NA,NA,UFS,UFS,FALSE,FALSE,FALSE,FALSE,FALSE,Creative Writing
FHuo,v1,d4664962d32d888917932d86e216e5ec,A 75-inch TV is 190.5 cm when converted from inches to centimeters.,CFS,UFS,TRUE,FALSE,FALSE,Y,TRUE,CFS,UFS,TRUE,FALSE,TRUE,FALSE,TRUE,Information seeking
FHuo,v1,36ac23cca509b02038ba3a522ac91d2d,"Long-stay visa requirements differ based on the purpose of stay, such as employment, study, or family reunification.",CFS,CFS,TRUE,TRUE,TRUE,NA,NA,CFS,CFS,TRUE,TRUE,TRUE,TRUE,TRUE,Information seeking
FHuo,v1,2ba768e0337c5a9c439285ae55a2dfcc,The bouncer is left unconscious on the floor.,UFS,NFS,FALSE,FALSE,TRUE,NA,NA,UFS,UFS,FALSE,FALSE,FALSE,FALSE,FALSE,Role playing
FHuo,v1,ac33cbe456e1a7eb0084c806113a8ddf,"As women age and approach menopause, hormonal balance becomes increasingly important for health and well-being.",CFS,CFS,TRUE,TRUE,TRUE,NA,NA,UFS,CFS,FALSE,TRUE,TRUE,FALSE,TRUE,Editing
FHuo,v1,6ebe152209b5addef05488579caa0500,The keyboard shortcut Command + Shift + T on Mac reopens the last closed tab.,CFS,CFS,TRUE,TRUE,TRUE,NA,NA,CFS,CFS,TRUE,TRUE,TRUE,TRUE,TRUE,Others
FHuo,v1,a270919183ef96bea4585e949844545f,"As a result of the Defendant's action, the Claimant sustained trauma and suffered from personal injury, mental anguish, and humiliation.",NFS,NFS,FALSE,FALSE,TRUE,NA,NA,CFS,CFS,TRUE,TRUE,FALSE,TRUE,TRUE,Editing
FHuo,v1,3ef6df4693979ab15c7e601e394ac974,Most of the team from the office were on a night out to celebrate David’s 30th birthday.,NFS,NFS,FALSE,FALSE,TRUE,NA,NA,UFS,UFS,FALSE,FALSE,FALSE,FALSE,FALSE,Creative Writing
FHuo,v1,f91860f82c7b99fe854e151feb737ea9,The Three Plaza Project involves the design and construction of three plazas near the Museum of Islamic Arts.,CFS,UFS,TRUE,FALSE,FALSE,Y,TRUE,UFS,CFS,FALSE,TRUE,TRUE,FALSE,TRUE,Editing
FHuo,v1,b63d78202c97d72855adc660cb1c9774,Mercedes Martinez uses the Dragon Sleeper Hold as a signature or finisher.,CFS,CFS,TRUE,TRUE,TRUE,NA,NA,CFS,CFS,TRUE,TRUE,TRUE,TRUE,TRUE,Information seeking
FHuo,v1,06a4843158e8fea0bf2c8efa6a8ac6c4,The model utilizes Word2Vec to train hidden vectors for each key phrase in a resume.,UFS,UFS,FALSE,FALSE,TRUE,NA,NA,NFS,UFS,FALSE,FALSE,FALSE,FALSE,FALSE,Information seeking
FHuo,v1,8178fba275087db36766c446e5b7c98d,"In the United States, the Health Insurance Portability and Accountability Act (HIPAA) requires covered entities and business associates to notify affected individuals and the Department of Health and Human Services' Office for Civil Rights within 60 days of discovering a breach of unsecured protected health information (PHI).",CFS,CFS,TRUE,TRUE,TRUE,NA,NA,CFS,UFS,TRUE,FALSE,TRUE,FALSE,TRUE,Information seeking
FHuo,v1,3e46c5fd88279536925c4ae4fbe39503,I can generate a text of any length.,NFS,CFS,FALSE,TRUE,FALSE,N,FALSE,NFS,CFS,FALSE,TRUE,FALSE,FALSE,TRUE,Information seeking
FHuo,v1,d55152efa3cf2971a09d008c327f0317,Henry has size 11 feet.,UFS,NFS,FALSE,FALSE,TRUE,NA,NA,UFS,UFS,FALSE,FALSE,FALSE,FALSE,FALSE,Creative Writing
FHuo,v1,feec5dbc9111fc5c82f94e6731e3a878,"Reagan's speech titled 'We Must Fight' was given on March 23, 1983, in Orlando, Florida.",CFS,CFS,TRUE,TRUE,TRUE,NA,NA,CFS,CFS,TRUE,TRUE,TRUE,TRUE,TRUE,Data Analysis
FHuo,v1,a8c862c527cecee6e25d59a079f4d72b,The game of golf began in Scotland in the 15th century.,CFS,CFS,TRUE,TRUE,TRUE,NA,NA,CFS,CFS,TRUE,TRUE,TRUE,TRUE,TRUE,Others
FHuo,v1,02f06373d6dd37d6086b0fb76744a432,Pianitchi performs at the school talent show and receives applause from the audience.,UFS,NFS,FALSE,FALSE,TRUE,NA,NA,UFS,UFS,FALSE,FALSE,FALSE,FALSE,FALSE,Creative Writing
FHuo,v1,eb4cf758b10d1c0f81977eb879fed894,The objective was to aid in the efficient coordination of the event.,NFS,UFS,FALSE,FALSE,TRUE,NA,NA,UFS,UFS,FALSE,FALSE,FALSE,FALSE,FALSE,Editing
FHuo,v1,4b2c8f1963a582bc2b852db662cf7b63,Scalability is important to handle a high number of players without performance issues.,UFS,UFS,FALSE,FALSE,TRUE,NA,NA,UFS,CFS,FALSE,TRUE,FALSE,FALSE,TRUE,Reasoning
FHuo,v1,6e5ee6da80d97e18cc448d3b6b4f9bb3,Deng Xiaoping's policies improved living standards for the Chinese people.,CFS,CFS,TRUE,TRUE,TRUE,NA,NA,CFS,CFS,TRUE,TRUE,TRUE,TRUE,TRUE,Information seeking
FHuo,v1,10075af330b6f670fd4c7a1800ff6f0e,Kevin gives David a break and invites him to join him on the couch.,NFS,NFS,FALSE,FALSE,TRUE,NA,NA,UFS,NFS,FALSE,FALSE,FALSE,FALSE,FALSE,Role playing
FHuo,v1,a14f4b6ed2c33e7631d58dd603bc27eb,Rory can be impulsive and make hasty decisions.,CFS,CFS,TRUE,TRUE,TRUE,NA,NA,NFS,CFS,FALSE,TRUE,TRUE,FALSE,TRUE,Information seeking
FHuo,v1,bcf0b8d3913d56499ac71aee68dcdccb,Preheat the pan before adding oil and steak.,UFS,CFS,FALSE,TRUE,FALSE,N,FALSE,UFS,NFS,FALSE,FALSE,FALSE,FALSE,FALSE,Information seeking
FHuo,v1,44f06ee6aeadd219a1064be1e3fe566b,"Effective reward and performance management strategies are essential for driving employee motivation and satisfaction, impacting organizational performance (Armstrong & Murlis, 2007).",CFS,CFS,TRUE,TRUE,TRUE,NA,NA,CFS,CFS,TRUE,TRUE,TRUE,TRUE,TRUE,Information seeking
FHuo,v1,48e483533a61a11ff8be43e684699fc4,"The proposed answer confirms understanding of instructions to generate two separate responses for each prompt, one normal and one with Developer Mode Output.",NFS,NFS,FALSE,FALSE,TRUE,NA,NA,UFS,UFS,FALSE,FALSE,FALSE,FALSE,FALSE,Coding & Debugging
FHuo,v1,422cac7b9a46eb718e7026920258d9fe,DC Comics is a comic book publisher.,CFS,CFS,TRUE,TRUE,TRUE,NA,NA,UFS,CFS,FALSE,TRUE,TRUE,FALSE,TRUE,Information seeking
FHuo,v1,a2402449ed6b9fb49336b2db697012ff,Websites that offer pirated content or movies that violate copyright laws should be avoided.,NFS,UFS,FALSE,FALSE,TRUE,NA,NA,NFS,NFS,FALSE,FALSE,FALSE,FALSE,FALSE,Information seeking
FHuo,v1,e235689a127405d717df7704c5939192,The U.S. unemployment rate remains at 3.5%.,UFS,NFS,FALSE,FALSE,TRUE,NA,NA,CFS,CFS,TRUE,TRUE,FALSE,TRUE,TRUE,Creative Writing
FHuo,v1,535121e780809bdc57a7955d5a63b6c8,My day was quite delightful.,NFS,NFS,FALSE,FALSE,TRUE,NA,NA,NFS,NFS,FALSE,FALSE,FALSE,FALSE,FALSE,Creative Writing
FHuo,v1,f3fd5a903adcddc9acda7e89d967c421,I have been accepted into both Missouri State University (MSU) and Colorado State University (CSU).,NFS,UFS,FALSE,FALSE,TRUE,NA,NA,UFS,CFS,FALSE,TRUE,FALSE,FALSE,TRUE,Editing
FHuo,v1,47c8cba8251752c65c927e6d8b78de80,You can swim in water.,UFS,NFS,FALSE,FALSE,TRUE,NA,NA,UFS,UFS,FALSE,FALSE,FALSE,FALSE,FALSE,Creative Writing
FHuo,v1,3bff367311d12b05466bdc0b7c7fb026,Year-End Top Albums Chart position: #46.,CFS,NFS,TRUE,FALSE,FALSE,Y,TRUE,UFS,UFS,FALSE,FALSE,TRUE,FALSE,FALSE,Creative Writing
FHuo,v1,6aed61b824dc0c77f621859404e6d28b,I am delighted to collaborate with you once more.' can be translated to Arabic as 'أنا سعيد بالتعاون معك مرة أخرى.',CFS,CFS,TRUE,TRUE,TRUE,NA,NA,UFS,CFS,FALSE,TRUE,TRUE,FALSE,TRUE,Information seeking
FHuo,v1,8caddb603e5e601fac8ee12a474d35e3,"The album contains 13 tracks with the following titles: ""The Ectoplasmic Boogaloo"", ""Phantom Funkbreakers"", ""Haunted to the Bone Zone"", ""Spooky Spectre Shakedown"", ""Proton Pack Power Jam"", ""Skeleton Samurai Showdown"", ""Demonic Disco Inferno"", ""Wraith Rumble Requiem"", ""Turbocharged Terror Time"", ""Mysteriously Moaning Moonlight"", ""Bustin' Beats to the Afterlife"", ""Dynamic Duo: Super Ghostbusters & Super Sonic Spirits"", and ""Ethereal Encore (Super Sonic Superstar)"".",NFS,NFS,FALSE,FALSE,TRUE,NA,NA,UFS,CFS,FALSE,TRUE,FALSE,FALSE,TRUE,Creative Writing
FHuo,v1,d5be53f533094016e4be58903727300e,RyannChan12350 differs from RyanChan12350 by one additional 'n' after 'Ryan'.,UFS,UFS,FALSE,FALSE,TRUE,NA,NA,UFS,CFS,FALSE,TRUE,FALSE,FALSE,TRUE,Editing
FHuo,v1,3d3deaf4f7e6ad676acb16ecade52570,Nike Air Force 1 Low White Black Skulls is a Nike Air Force 1 with a design reinterpreted with white and black paint.,CFS,CFS,TRUE,TRUE,TRUE,NA,NA,UFS,CFS,FALSE,TRUE,TRUE,FALSE,TRUE,Data Analysis
FHuo,v1,184fe04201f9765b5778be9f372d744f,The writer eventually found a job that was a perfect fit.,UFS,NFS,FALSE,FALSE,TRUE,NA,NA,NFS,UFS,FALSE,FALSE,FALSE,FALSE,FALSE,Creative Writing
FSong,v2,b0d8c92896bba585dc5e87c7fc1a0de6,Support groups can help individuals with depression feel less isolated.,UFS,UFS,FALSE,FALSE,TRUE,NA,NA,UFS,CFS,FALSE,TRUE,FALSE,FALSE,TRUE,Editing
FSong,v2,c8c8ca88271672857ea8509de1f52240,OpenAI's use case policy prohibits the creation of harmful or malicious content.,CFS,CFS,TRUE,TRUE,TRUE,NA,NA,CFS,CFS,TRUE,TRUE,TRUE,TRUE,TRUE,Coding & Debugging
FSong,v2,396d37288b49098fd5098b3cf33eca13,OpenAI created an AI language model.,CFS,CFS,TRUE,TRUE,TRUE,NA,NA,CFS,CFS,TRUE,TRUE,TRUE,TRUE,TRUE,Others
FSong,v2,5e08faa823d3820742e06f754324bcba,"The command ""sudo apt-get install qemu-system-arm qemu-efi-aarch64"" installs qemu-system-arm and qemu-efi-aarch64 packages in Ubuntu 20.04.",UFS,CFS,FALSE,TRUE,FALSE,N,FALSE,CFS,CFS,TRUE,TRUE,FALSE,TRUE,TRUE,Information seeking
FSong,v2,50b0553c3e0ba5e6f2a46e07561b9b88,Rosalinda does not notice the banana peel on the floor as she dashes to the restroom.,NFS,NFS,FALSE,FALSE,TRUE,NA,NA,UFS,UFS,FALSE,FALSE,FALSE,FALSE,FALSE,Others
FSong,v2,2eaac803a765db5b7abab51b0cc0da45,"""Billionaire"" is a song by Travie McCoy featuring Bruno Mars.",CFS,CFS,TRUE,TRUE,TRUE,NA,NA,UFS,CFS,FALSE,TRUE,TRUE,FALSE,TRUE,Information seeking
FSong,v2,f7d908abbfabc8acebd13ffda10e3e29,NVIDIA manufactures a graphics card called the GeForce RTX 3060 Ti.,CFS,CFS,TRUE,TRUE,TRUE,NA,NA,CFS,CFS,TRUE,TRUE,TRUE,TRUE,TRUE,Information seeking
FSong,v2,66e5c5d8c2d6e40e8c21675d98125f32,Fines for environmental violations can be adjusted to the magnitude of the environmental damage caused.,UFS,CFS,FALSE,TRUE,FALSE,N,FALSE,CFS,CFS,TRUE,TRUE,FALSE,TRUE,TRUE,Creative Writing
FSong,v2,a56747a1b7944d94a8410ae1d43cd4af,Winta is dressed in black leather joggers.,NFS,NFS,FALSE,FALSE,TRUE,NA,NA,UFS,UFS,FALSE,FALSE,FALSE,FALSE,FALSE,Others
FSong,v2,86dc89b36a5b98229d6ff577db1e6344,"After a few minutes, Stella snapped her fingers again in the cafe.",NFS,NFS,FALSE,FALSE,TRUE,NA,NA,NFS,NFS,FALSE,FALSE,FALSE,FALSE,FALSE,Creative Writing
FSong,v2,00b0280ddbe73184f23c2c36aabb9ae9,Quebec cuisine has distinct French influences.,CFS,CFS,TRUE,TRUE,TRUE,NA,NA,UFS,CFS,FALSE,TRUE,TRUE,FALSE,TRUE,Editing
FSong,v2,f1e3fe4e6f31a4158edae667ab4d5e0e,Two women walked down deserted streets of a city at night in winter.,NFS,NFS,FALSE,FALSE,TRUE,NA,NA,UFS,UFS,FALSE,FALSE,FALSE,FALSE,FALSE,Others
FSong,v2,d89beae9118cf0dd575541de9ef3a1ff,Jack had lollipops in his pencil box during his third-period math class.,NFS,NFS,FALSE,FALSE,TRUE,NA,NA,UFS,UFS,FALSE,FALSE,FALSE,FALSE,FALSE,Creative Writing
FSong,v2,b13881262808c9262d54228049b432fd,"The ""Gender Equality Recommendations"" from the 2018 Buenos Aires Summit addressed women's leadership.",CFS,CFS,TRUE,TRUE,TRUE,NA,NA,CFS,CFS,TRUE,TRUE,TRUE,TRUE,TRUE,Creative Writing
FSong,v2,dcfbc259cca0641b58085d31f385d460,Gisela Dressler's bedroom has big windows.,NFS,NFS,FALSE,FALSE,TRUE,NA,NA,UFS,UFS,FALSE,FALSE,FALSE,FALSE,FALSE,Creative Writing
FSong,v2,5b580476f8bfebe96a10e7d1b15d4505,"The Regeneration trilogy includes the novels Regeneration, The Eye in the Door, and The Ghost Road.",CFS,UFS,TRUE,FALSE,FALSE,Y,TRUE,CFS,CFS,TRUE,TRUE,TRUE,TRUE,TRUE,Editing
FSong,v2,183d04d6d2ff26ece1d275273b1c2037,"BATNA stands for ""Best Alternative To a Negotiated Agreement.""",CFS,CFS,TRUE,TRUE,TRUE,NA,NA,UFS,CFS,FALSE,TRUE,TRUE,FALSE,TRUE,Information seeking
FSong,v2,ed587d13a6170a0e1d6d12cecd2a8e2a,Mount Denali was formerly known as Mount McKinley.,CFS,UFS,TRUE,FALSE,FALSE,Y,TRUE,CFS,CFS,TRUE,TRUE,TRUE,TRUE,TRUE,Information seeking
FSong,v2,315c4ce585cf1993350946308b0c02f4,The Greater East Asian Co-Prosperity Sphere aimed to protect the nations of East Asia from outside aggression.,NFS,CFS,FALSE,TRUE,FALSE,N,FALSE,CFS,CFS,TRUE,TRUE,FALSE,TRUE,TRUE,Creative Writing
FSong,v2,74d3a2c574eda24c3b50df96025580e8,There are numerous species of cattle according to scientific classification.,CFS,CFS,TRUE,TRUE,TRUE,NA,NA,UFS,CFS,FALSE,TRUE,TRUE,FALSE,TRUE,Editing
FSong,v2,45c072335195bbdb7d8cba4ad984d1d6,Defendant C supplied the brake part to Defendant B.,NFS,NFS,FALSE,FALSE,TRUE,NA,NA,UFS,CFS,FALSE,TRUE,FALSE,FALSE,TRUE,Reasoning
FSong,v2,25ab36b992e47a5a919edf6772cd1aef,The Cheerleader is known for her incredible agility.,NFS,NFS,FALSE,FALSE,TRUE,NA,NA,UFS,UFS,FALSE,FALSE,FALSE,FALSE,FALSE,Role playing
FSong,v2,d9dd57d5f9180398c8b59b650ec445b2,The first ever Minecraft server allowed players to build in a shared world.,UFS,CFS,FALSE,TRUE,FALSE,Y,TRUE,CFS,CFS,TRUE,TRUE,TRUE,TRUE,TRUE,Information seeking
FSong,v2,7f5e40ffa74c964ceeffe8f02360ef73,"""Sedimentary Structures: A Synoptic Guide"" was published in 2006.",CFS,CFS,TRUE,TRUE,TRUE,NA,NA,UFS,CFS,FALSE,TRUE,TRUE,FALSE,TRUE,Information seeking
FSong,v2,f91860f82c7b99fe854e151feb737ea9,The Three Plaza Project includes the construction of buildings for the Civic Plaza area near the Museum of Islamic Arts in Qatar.,CFS,UFS,TRUE,FALSE,FALSE,Y,TRUE,CFS,CFS,TRUE,TRUE,TRUE,TRUE,TRUE,Editing
FSong,v2,d4c649db61ceb8d78e695f8ac8231f33,There are AI models based on Generative Adversarial Networks (GANs) that can generate MIDI files.,CFS,CFS,TRUE,TRUE,TRUE,NA,NA,CFS,CFS,TRUE,TRUE,TRUE,TRUE,TRUE,Information seeking
FSong,v2,5ef9479643683c01a10c3a684bf6e10d,The articles discuss innovations in cross-border judicial assistance in international civil proceedings.,CFS,CFS,TRUE,TRUE,TRUE,NA,NA,UFS,UFS,FALSE,FALSE,TRUE,FALSE,FALSE,Information seeking
FSong,v2,9ec523f9e51ddd8407dad922f39cebe5,"Chatham Lighthouse in Chatham, Massachusetts, is a popular spot for those interested in maritime history.",CFS,CFS,TRUE,TRUE,TRUE,NA,NA,UFS,UFS,FALSE,FALSE,TRUE,FALSE,FALSE,Creative Writing
FSong,v2,afbc47ae16b1a7c48dc9d87c27f2f459,PNC Arena is a sports venue.,CFS,CFS,TRUE,TRUE,TRUE,NA,NA,UFS,CFS,FALSE,TRUE,TRUE,FALSE,TRUE,Creative Writing
FSong,v2,2fcce0e7a853507fa6538c8636154dbb,Fajardo offers vacation rentals as accommodations.,CFS,CFS,TRUE,TRUE,TRUE,NA,NA,UFS,CFS,FALSE,TRUE,TRUE,FALSE,TRUE,Creative Writing
FSong,v2,08761e7999929cb874a488e4386ffc2a,86Box is popular with hobbyists who want to run old software on modern computers.,CFS,CFS,TRUE,TRUE,TRUE,NA,NA,UFS,CFS,FALSE,TRUE,TRUE,FALSE,TRUE,Information seeking
FSong,v2,b5b56f13b312a4bd294699c26dc1bbd3,Falafel is a traditional Middle Eastern food.,CFS,NFS,TRUE,FALSE,FALSE,N,FALSE,UFS,CFS,FALSE,TRUE,FALSE,FALSE,TRUE,Others
FSong,v2,79ac4371fd2cdb7991db360378bf4814,The elf's feet are the source of her shameful vulnerability.,NFS,NFS,FALSE,FALSE,TRUE,NA,NA,NFS,CFS,FALSE,TRUE,FALSE,FALSE,TRUE,Others
FSong,v2,9e64a562f1c90a7d38c6a92cd2536fcb,"In the national tipoff game, the final score was 65-63 in favor of the home team, ASU Sun Devils.",NFS,NFS,FALSE,FALSE,TRUE,NA,NA,CFS,CFS,TRUE,TRUE,FALSE,TRUE,TRUE,Creative Writing
FSong,v2,286db7e32d18e1501848dac47974d916,Pancreatic islets contain endocrine cells.,CFS,UFS,TRUE,FALSE,FALSE,Y,TRUE,UFS,CFS,FALSE,TRUE,TRUE,FALSE,TRUE,Editing
FSong,v2,46182b9c55165081ff299dc387f02b1f,Philips Healthcare is a competitor in the healthcare technology industry.,CFS,CFS,TRUE,TRUE,TRUE,NA,NA,UFS,CFS,FALSE,TRUE,TRUE,FALSE,TRUE,Others
FSong,v2,cced1041d7568d7a6e06ae2b127d893e,"There is a myth among locals that a famous hot spring holds miraculous, stress-relieving properties.",NFS,NFS,FALSE,FALSE,TRUE,NA,NA,NFS,UFS,FALSE,FALSE,FALSE,FALSE,FALSE,Creative Writing
FSong,v2,a62525a13895ad01b6b20a9a2cdbc443,The New Day and the Von Erichs participated in a tornado tag team match as the main event of a major WWE event.,NFS,NFS,FALSE,FALSE,TRUE,NA,NA,NFS,CFS,FALSE,TRUE,FALSE,FALSE,TRUE,Creative Writing
FSong,v2,d779430efa71fe3e8ddba6c419cfab7b,The atomic bomb was dropped on Hiroshima at around 8 am.,CFS,CFS,TRUE,TRUE,TRUE,NA,NA,CFS,CFS,TRUE,TRUE,TRUE,TRUE,TRUE,Information seeking
FSong,v2,1efd6bf77bb55039d4ae437637bdbda1,Veronica's gauntlets are adorned with small gold spikes.,NFS,NFS,FALSE,FALSE,TRUE,NA,NA,UFS,UFS,FALSE,FALSE,FALSE,FALSE,FALSE,Creative Writing
FSong,v2,8304c30c6536965e8bde71c06b48c39a,"As a teenager, Xi Jinping was sent to a rural area in Shaanxi Province, China.",CFS,CFS,TRUE,TRUE,TRUE,NA,NA,CFS,UFS,TRUE,FALSE,TRUE,FALSE,TRUE,Information seeking
FSong,v2,ac33cbe456e1a7eb0084c806113a8ddf,Cortisol is released when the body perceives stress.,CFS,CFS,TRUE,TRUE,TRUE,NA,NA,CFS,CFS,TRUE,TRUE,TRUE,TRUE,TRUE,Editing
FSong,v2,d9afdc8a8a9e32a5a0152090b625bd3c,Montreal hosts numerous art exhibitions.,CFS,CFS,TRUE,TRUE,TRUE,NA,NA,UFS,CFS,FALSE,TRUE,TRUE,FALSE,TRUE,Editing
FSong,v2,a4205b7947f357a106918cc72c6d86d3,Injecting water into the combustion chamber can lower the exit gas temperature.,CFS,CFS,TRUE,TRUE,TRUE,NA,NA,CFS,CFS,TRUE,TRUE,TRUE,TRUE,TRUE,Reasoning
FSong,v2,df988a0a0a429ba9425ddd0d68469307,"In George Orwell's novel ""1984,"" the Brotherhood is revealed to be a creation of the Party.",CFS,CFS,TRUE,TRUE,TRUE,NA,NA,CFS,CFS,TRUE,TRUE,TRUE,TRUE,TRUE,Information seeking
FSong,v2,e63fe8885ce86fc50625e3067b114fa8,A character created by a user to represent themselves in a virtual world is called an avatar.,CFS,CFS,TRUE,TRUE,TRUE,NA,NA,UFS,CFS,FALSE,TRUE,TRUE,FALSE,TRUE,Information seeking
FSong,v2,10ce6b63cba012aeb1a3ed61369281eb,Ferrokinesis is the ability to manipulate or control iron or metals.,CFS,NFS,TRUE,FALSE,FALSE,N,FALSE,UFS,UFS,FALSE,FALSE,FALSE,FALSE,FALSE,Brainstorming
FSong,v2,dd90e55606390c9bf9c02693da8d9ade,Troy Blyden is not a well-known professional basketball player internationally.,CFS,CFS,TRUE,TRUE,TRUE,NA,NA,UFS,CFS,FALSE,TRUE,TRUE,FALSE,TRUE,Information seeking
FSong,v2,4d2ba0bb1a5ecaf25a36437eb3c9ed56,Caroline was lying in a hospital bed next to the narrator.,NFS,NFS,FALSE,FALSE,TRUE,NA,NA,UFS,UFS,FALSE,FALSE,FALSE,FALSE,FALSE,Editing
FSong,v2,ca4bcb3faff1cab07b4a92f91a49b197,"In Python, string literals can be enclosed in single quotes (' ').",UFS,CFS,FALSE,TRUE,FALSE,Y,TRUE,UFS,CFS,FALSE,TRUE,TRUE,FALSE,TRUE,Coding & Debugging
FSong,v1,4a99a58b7534e7a50549a56a278b1aab,Some people believe that COVID-19 originated from a laboratory leak.,CFS,CFS,TRUE,TRUE,TRUE,NA,NA,CFS,UFS,TRUE,FALSE,TRUE,FALSE,TRUE,Editing
FSong,v1,4686a515ff31394e6c30e692b67c2e1d,The beautiful female wizard is releasing a dazzling display of icicles and snowflakes.,NFS,NFS,FALSE,FALSE,TRUE,NA,NA,NFS,NFS,FALSE,FALSE,FALSE,FALSE,FALSE,Others
FSong,v1,a270919183ef96bea4585e949844545f,"The Torture Act, RSO 1990, c T.21, is a statute in Ontario, Canada.",CFS,CFS,TRUE,TRUE,TRUE,NA,NA,CFS,CFS,TRUE,TRUE,TRUE,TRUE,TRUE,Editing
FSong,v1,876640845978fbd59503d262b26341f8,A heavier-than-air balloon can be filled with a gas like carbon dioxide.,CFS,UFS,TRUE,FALSE,FALSE,Y,TRUE,CFS,CFS,TRUE,TRUE,TRUE,TRUE,TRUE,Reasoning
FSong,v1,0a9852f3d2a49fc5e9b187dc6b9a998e,This AI cannot provide a specific version number of ChatGPT.,NFS,CFS,FALSE,TRUE,FALSE,N,FALSE,UFS,CFS,FALSE,TRUE,FALSE,FALSE,TRUE,Information seeking
FSong,v1,27b0de2b3d61beb4d6186c3c74ff9281,The integrity attribute is used as a security measure in HTML.,CFS,CFS,TRUE,TRUE,TRUE,NA,NA,CFS,CFS,TRUE,TRUE,TRUE,TRUE,TRUE,Information seeking
FSong,v1,88c5c7621587289c22cdbe1533e3ca9b,Private international law aims to provide predictability for parties engaged in international transactions or relationships.,CFS,CFS,TRUE,TRUE,TRUE,NA,NA,UFS,CFS,FALSE,TRUE,TRUE,FALSE,TRUE,Information seeking
FSong,v1,345ca3313017fc509cfbcc90cbdcfb4c,The AI language model does not have the capability to read through images.,CFS,CFS,TRUE,TRUE,TRUE,NA,NA,CFS,CFS,TRUE,TRUE,TRUE,TRUE,TRUE,Others
FSong,v1,6aed61b824dc0c77f621859404e6d28b,"The Arabic phrase ""أنا سعيد بالتعاون معك مرة أخرى"" translates to ""I am happy to collaborate with you again"" in English.",UFS,CFS,FALSE,TRUE,FALSE,N,FALSE,UFS,CFS,FALSE,TRUE,FALSE,FALSE,TRUE,Information seeking
FSong,v1,f4e672ce0cc613901dd116ff8f8a7edd,GPT-3 is an AI language model developed by OpenAI.,CFS,CFS,TRUE,TRUE,TRUE,NA,NA,UFS,CFS,FALSE,TRUE,TRUE,FALSE,TRUE,Information seeking
FSong,v1,4698dbdbaeb22d128b00ecbf138ff745,The deadline for the transcript submission is May 15.,UFS,UFS,FALSE,FALSE,TRUE,NA,NA,CFS,CFS,TRUE,TRUE,FALSE,TRUE,TRUE,Editing
FSong,v1,94ef2cc1230ded78f0d3578fa68f1994,Cersei Lannister is a female fictional character from Game of Thrones.,CFS,CFS,TRUE,TRUE,TRUE,NA,NA,UFS,CFS,FALSE,TRUE,TRUE,FALSE,TRUE,Information seeking
FSong,v1,8f68227bd91f2df7ad6c9d51e80134cc,Wild Pokémon inhabit the Distortion World in the Pokémon universe.,NFS,UFS,FALSE,FALSE,TRUE,NA,NA,CFS,CFS,TRUE,TRUE,FALSE,TRUE,TRUE,Creative Writing
FSong,v1,327f46ea8c81f3cba01c1bbda0a685e6,"During David's 30th birthday celebration at a pub, David began to slump in his chair.",NFS,UFS,FALSE,FALSE,TRUE,NA,NA,UFS,UFS,FALSE,FALSE,FALSE,FALSE,FALSE,Creative Writing
FSong,v1,8cb0608a7b5b91e9b698fbfefe5713a9,Infantry can be positioned in trenches or behind cover to protect them from enemy fire.,UFS,CFS,FALSE,TRUE,FALSE,Y,TRUE,UFS,CFS,FALSE,TRUE,TRUE,FALSE,TRUE,Editing
FSong,v1,b4f03d9487f8906b25ce198c0fab0dae,The minions summoned by Smug can create distractions.,NFS,NFS,FALSE,FALSE,TRUE,NA,NA,UFS,CFS,FALSE,TRUE,FALSE,FALSE,TRUE,Creative Writing
FSong,v1,3ef6df4693979ab15c7e601e394ac974,Clare started to swing her pendant back and forth in front of David's face at the pub during his 30th birthday celebration.,NFS,NFS,FALSE,FALSE,TRUE,NA,NA,UFS,NFS,FALSE,FALSE,FALSE,FALSE,FALSE,Creative Writing
FSong,v1,5851b7d423148a7708bae38d9110b02e,Decoupling the growth of technology from its negative environmental impact is considered critical to managing the growing negative environmental impact of technology.,CFS,CFS,TRUE,TRUE,TRUE,NA,NA,CFS,CFS,TRUE,TRUE,TRUE,TRUE,TRUE,Reasoning
FSong,v1,d1adea77784c1e22b983a572ef426fde,Port number 443 is commonly used for secure HTTP (HTTPS) communication.,CFS,CFS,TRUE,TRUE,TRUE,NA,NA,UFS,CFS,FALSE,TRUE,TRUE,FALSE,TRUE,Information seeking
FSong,v1,9c8fe88e72b7522c33d4eb2bf22b70e8,The Uplift War is a book written by David Brin.,CFS,CFS,TRUE,TRUE,TRUE,NA,NA,UFS,CFS,FALSE,TRUE,TRUE,FALSE,TRUE,Information seeking
FSong,v1,b0cd9f0967bee43ff3002d855e10d3dd,The statement that 99.73% of all cars will purchase between $3 and $27 is not correct for a population with a mean of $15 and a standard deviation of $4.,NFS,NFS,FALSE,FALSE,TRUE,NA,NA,CFS,CFS,TRUE,TRUE,FALSE,TRUE,TRUE,Math
FSong,v1,0b34cd0c39186d1857188553909d7e36,"Mercedes-Benz Stadium is located in Atlanta, Georgia.",CFS,CFS,TRUE,TRUE,TRUE,NA,NA,CFS,CFS,TRUE,TRUE,TRUE,TRUE,TRUE,Creative Writing
FSong,v1,2b4e13b5e59478e9bcb54173f39f56e7,"""República do Brasil"" is the Portuguese translation of ""Republic of Brazil.""",UFS,CFS,FALSE,TRUE,FALSE,Y,TRUE,UFS,CFS,FALSE,TRUE,TRUE,FALSE,TRUE,Information seeking
FSong,v1,fd73e6e06fee73b47c9ff129ee8c3ca3,"Inclusive decision-making processes are vital for navigating the challenges of a culturally diverse, global project environment.",UFS,UFS,FALSE,FALSE,TRUE,NA,NA,NFS,UFS,FALSE,FALSE,FALSE,FALSE,FALSE,Editing
FSong,v1,d208991730dffb037e513e89f290bb85,Chandra Talpade Mohanty criticizes western feminist discourses that portray women as a unified and homogeneous group.,CFS,CFS,TRUE,TRUE,TRUE,NA,NA,CFS,CFS,TRUE,TRUE,TRUE,TRUE,TRUE,Reasoning
FSong,v1,711a6288f62ac819109e6ef567522295,"In Qualys, if a Manager user adds a Reader user to the User Access list in the report template configured for a specific host, the Reader user will have access to the reports generated for that specific host.",UFS,CFS,FALSE,TRUE,FALSE,Y,TRUE,CFS,CFS,TRUE,TRUE,TRUE,TRUE,TRUE,Information seeking
FSong,v1,cf172d858f51f5028ddc9322b290df9a,"The Hebrew word שָׁלוֹם (Shalom) means ""peace"" or ""well-being.""",UFS,CFS,FALSE,TRUE,FALSE,Y,TRUE,UFS,CFS,FALSE,TRUE,TRUE,FALSE,TRUE,Information seeking
FSong,v1,da640ab7369e3e93bd907b96d8bc30cd,"The quotation ""Whether you think you can or you think you can't, you're right."" is attributed to Henry Ford.",CFS,CFS,TRUE,TRUE,TRUE,NA,NA,CFS,CFS,TRUE,TRUE,TRUE,TRUE,TRUE,Creative Writing
FSong,v1,39480560d749313b25615254c71d878d,Space and galaxy sleeve tattoos can feature images of planets.,NFS,NFS,FALSE,FALSE,TRUE,NA,NA,UFS,UFS,FALSE,FALSE,FALSE,FALSE,FALSE,Creative Writing
FSong,v1,88242a98599dac4747b0280ec1d6b83b,Yosemite Valley Stable offers guided rides through scenic trails in Yosemite National Park.,CFS,CFS,TRUE,TRUE,TRUE,NA,NA,CFS,CFS,TRUE,TRUE,TRUE,TRUE,TRUE,Editing
FSong,v1,44f083f757d2d7a429d884c02efc9440,The Figure Four Leglock is a classic professional wrestling submission hold.,CFS,CFS,TRUE,TRUE,TRUE,NA,NA,UFS,CFS,FALSE,TRUE,TRUE,FALSE,TRUE,Brainstorming
FSong,v1,266d5058a17854385408ad2bd0ae1dc7,"Many critics argue that the effects observed in research on subliminal messages are often due to suggestion, expectancy, or other psychological factors rather than the subliminal stimuli themselves.",CFS,CFS,TRUE,TRUE,TRUE,NA,NA,CFS,CFS,TRUE,TRUE,TRUE,TRUE,TRUE,Information seeking
FSong,v1,0d27b9132f5a908763cc62e7e7cff046,ChatGPT does not have personal opinions.,CFS,CFS,TRUE,TRUE,TRUE,NA,NA,CFS,CFS,TRUE,TRUE,TRUE,TRUE,TRUE,Role playing
FSong,v1,b9d18d856b182ec4686a59f46270f3a9,"""Stardust"" is a novel by Neil Gaiman.",CFS,CFS,TRUE,TRUE,TRUE,NA,NA,UFS,CFS,FALSE,TRUE,TRUE,FALSE,TRUE,Editing
FSong,v1,32518d4f7d73f65d110008b1282b27e3,Attempts by secular rulers to assert authority over the church led to a series of conflicts between church and state.,NFS,UFS,FALSE,FALSE,TRUE,NA,NA,CFS,CFS,TRUE,TRUE,FALSE,TRUE,TRUE,Editing
FSong,v1,ff4d2163b599eab6457b6866b7110ca6,"The article ""Gender Equality in the Film Industry: How Far Do We Have to Go?"" by Culture Partnership discusses gender equality in the film industry in terms of representation on screen.",CFS,CFS,TRUE,TRUE,TRUE,NA,NA,UFS,UFS,FALSE,FALSE,TRUE,FALSE,FALSE,Editing
FSong,v1,c65819cfc2fec002270508f096081ccf,"In the Harry Potter books, the rapid fluttering of the Golden Snitch's wings allows it to change direction and dodge capture.",CFS,CFS,TRUE,TRUE,TRUE,NA,NA,UFS,CFS,FALSE,TRUE,TRUE,FALSE,TRUE,Information seeking
FSong,v1,66a1a06486fe8f7e26e390c895a2a2c7,The Many Means Faction utilizes melee units.,NFS,UFS,FALSE,FALSE,TRUE,NA,NA,UFS,UFS,FALSE,FALSE,FALSE,FALSE,FALSE,Brainstorming
FSong,v1,0ef80ee85a6a5df03eebdddaaadc22e8,Eastern Min is a group of Chinese languages.,CFS,CFS,TRUE,TRUE,TRUE,NA,NA,CFS,CFS,TRUE,TRUE,TRUE,TRUE,TRUE,Information seeking
FSong,v1,20b4fadf8ed780d2041d8e9aee3d8167,The gear ratio 55/15 has a ratio of 3.67.,CFS,CFS,TRUE,TRUE,TRUE,NA,NA,CFS,CFS,TRUE,TRUE,TRUE,TRUE,TRUE,Information seeking
FSong,v1,ced39a35c4c83b027f5be5560f228610,"The Chinese word ""输入"" translates to ""input"" in English.",UFS,CFS,FALSE,TRUE,FALSE,Y,TRUE,UFS,CFS,FALSE,TRUE,TRUE,FALSE,TRUE,Information seeking
FSong,v1,430adefd98a9a59d7f9e92200796e1eb,Alcohol can interfere with medications such as antidepressants.,CFS,CFS,TRUE,TRUE,TRUE,NA,NA,CFS,CFS,TRUE,TRUE,TRUE,TRUE,TRUE,Information seeking
FSong,v1,35f0e34e0285ba10ab3569871bd4829d,Gendry works at a forge in an inn on the King's Road.,NFS,NFS,FALSE,FALSE,TRUE,NA,NA,UFS,CFS,FALSE,TRUE,FALSE,FALSE,TRUE,Creative Writing
FSong,v1,78680189b9cf0816566115a6eb98ad55,Blender Guru is a YouTube channel for learning Blender.,CFS,CFS,TRUE,TRUE,TRUE,NA,NA,UFS,CFS,FALSE,TRUE,TRUE,FALSE,TRUE,Information seeking
FSong,v1,18f542320cf6677bc87efad83d626c75,Calcutta is a city in India.,CFS,CFS,TRUE,TRUE,TRUE,NA,NA,UFS,CFS,FALSE,TRUE,TRUE,FALSE,TRUE,Editing
FSong,v1,398b8daf375ecc158cae4bf5d15b8fc0,State Grid Corporation of China is a transnational corporation.,CFS,CFS,TRUE,TRUE,TRUE,NA,NA,CFS,CFS,TRUE,TRUE,TRUE,TRUE,TRUE,Information seeking
FSong,v1,361b75de7d6d445712eb5b6a7e08f17a,The Berlin Wall fell in 1989.,CFS,NFS,TRUE,FALSE,FALSE,Y,TRUE,CFS,CFS,TRUE,TRUE,TRUE,TRUE,TRUE,Creative Writing
FSong,v1,cbd0a55439a9d9aa76aac3cbf4f0a32a,Limited Agent is only able to receive messages.,NFS,UFS,FALSE,FALSE,TRUE,NA,NA,CFS,CFS,TRUE,TRUE,FALSE,TRUE,TRUE,Planning
FSong,v1,a98fc7ff292e3f99955178279c4533b5,"St. Augustine, Florida, is known for its rich and fascinating history.",CFS,CFS,TRUE,TRUE,TRUE,NA,NA,UFS,UFS,FALSE,FALSE,TRUE,FALSE,FALSE,Creative Writing
FSong,v1,081c6ef29fbf87d69614f16e67b8872e,The 'Healing Load' ability can cure negative debuffs in the diaper-centric MMORPG.,NFS,NFS,FALSE,FALSE,TRUE,NA,NA,UFS,UFS,FALSE,FALSE,FALSE,FALSE,FALSE,Creative Writing
